<?xml version="1.0" encoding="UTF-8"?>

<ExtensionManifest Version="5.0" ExtensionBundleId="indigo.wise.about.18" ExtensionBundleVersion="1.0.0"
		ExtensionBundleName="About" xmlns:xsi="http://www.w3.org/2001/XMLSchema-instance">
	<ExtensionList>
		<Extension Id="indigo.wise.about.register" Version="1.0" />
		<Extension Id="indigo.wise.about" Version="1.0" />
	</ExtensionList>
	<ExecutionEnvironment>
		<HostList>
			<Host Name="ILST" Version="[22.0,22.9]" />
		</HostList>
		<LocaleList>
			<Locale Code="All" />
		</LocaleList>
		<RequiredRuntimeList>
			<RequiredRuntime Name="CSXS" Version="5.0" />

		</RequiredRuntimeList>
	</ExecutionEnvironment>
	<DispatchInfoList>
		<Extension Id="indigo.wise.about.register">
			<DispatchInfo >
				<Resources>
				<MainPath>./register.html</MainPath>
				<ScriptPath>./About.jsx</ScriptPath>
				</Resources>
				<Lifecycle>
					<AutoVisible>true</AutoVisible>
				</Lifecycle>
				<UI>
					<Type>ModalDialog</Type>
					<Geometry>
						<Size>
							<Height>110</Height>
							<Width>379</Width>
						</Size>
					</Geometry>
				</UI>
			</DispatchInfo>
		</Extension>
		<Extension Id="indigo.wise.about">
			<DispatchInfo >
				<Resources>
				<MainPath>./about.html</MainPath>
				<ScriptPath>./About.jsx</ScriptPath>
				</Resources>
				<Lifecycle>
					<AutoVisible>true</AutoVisible>
				</Lifecycle>
				<UI>
					<Type>ModalDialog</Type>
					<Menu>%aboutTitle</Menu>
					<!--<Menu>About</Menu>-->
					<Geometry>
						<Size>
							<Height>320</Height>
							<Width>379</Width>
						</Size>
					</Geometry>
				</UI>
			</DispatchInfo>
		</Extension>
	</DispatchInfoList>
</ExtensionManifest>